{
  "results": [
    {
      "command": "view.transactions",
      "mean": 0.01152671779,
      "stddev": 0.0010945454717391514,
      "median": 0.01128743634,
      "user": 0.0021994399999999996,
      "system": 0.002106609999999999,
      "min": 0.01037687434,
      "max": 0.01410504034,
      "times": [
        0.01258229034,
        0.012408791340000001,
        0.01145737334,
        0.011517040340000001,
        0.01410504034,
        0.01185258234,
        0.01116204034,
        0.01158879034,
        0.01141283234,
        0.01111562434,
        0.01051899834,
        0.01066687434,
        0.01369379134,
        0.01043849934,
        0.01070854134,
        0.01037687434,
        0.010993999340000001,
        0.01052204034,
        0.01052120734,
        0.01289112434
      ],
      "memory_usage_byte": [
        5144576,
        5144576,
        5144576,
        5144576,
        5144576,
        5144576,
        5144576,
        5144576,
        5144576,
        5144576,
        5144576,
        5144576,
        5144576,
        5144576,
        5144576,
        5144576,
        5144576,
        5144576,
        5144576,
        5144576
      ],
      "exit_codes": [
        0,
        0,
        0,
        0,
        0,
        0,
        0,
        0,
        0,
        0,
        0,
        0,
        0,
        0,
        0,
        0,
        0,
        0,
        0,
        0
      ]
    },
    {
      "command": "report.summary",
      "mean": 0.018935907440000004,
      "stddev": 0.0036831791262197165,
      "median": 0.01768370784,
      "user": 0.0021568399999999993,
      "system": 0.00194706,
      "min": 0.016846332340000002,
      "max": 0.03355662434000001,
      "times": [
        0.01733333234,
        0.01737549934,
        0.017197624340000002,
        0.01740858234,
        0.01927074934,
        0.02022712334,
        0.01870749934,
        0.01804841634,
        0.01721962434,
        0.01744474834,
        0.016846332340000002,
        0.01759912434,
        0.016999999340000002,
        0.02021745734,
        0.03355662434000001,
        0.017768291340000002,
        0.01833112434,
        0.017979040340000002,
        0.017271165340000002,
        0.02191579034
      ],
      "memory_usage_byte": [
        5144576,
        5144576,
        5144576,
        5144576,
        5144576,
        5144576,
        5144576,
        5144576,
        5144576,
        5144576,
        5144576,
        5144576,
        5144576,
        5144576,
        5144576,
        5144576,
        5144576,
        5144576,
        5144576,
        5144576
      ],
      "exit_codes": [
        0,
        0,
        0,
        0,
        0,
        0,
        0,
        0,
        0,
        0,
        0,
        0,
        0,
        0,
        0,
        0,
        0,
        0,
        0,
        0
      ]
    },
    {
      "command": "dashboard.kpis",
      "mean": 0.014920284340000003,
      "stddev": 0.006479854666724141,
      "median": 0.011765790840000002,
      "user": 0.0025329399999999996,
      "system": 0.00243391,
      "min": 0.01057895734,
      "max": 0.029677874340000004,
      "times": [
        0.01057895734,
        0.02923449834,
        0.01204999934,
        0.011945082340000001,
        0.01120166534,
        0.012195748340000001,
        0.02280279134,
        0.01140141634,
        0.01140612434,
        0.011937166340000001,
        0.029677874340000004,
        0.01967970734,
        0.02523220734,
        0.01159441534,
        0.01092870734,
        0.01128574834,
        0.01083079034,
        0.01109837334,
        0.012105123340000001,
        0.01121929034
      ],
      "memory_usage_byte": [
        5144576,
        5144576,
        5144576,
        5144576,
        5144576,
        5144576,
        5144576,
        5144576,
        5144576,
        5144576,
        5144576,
        5144576,
        5144576,
        5144576,
        5144576,
        5144576,
        5144576,
        5144576,
        5144576,
        5144576
      ],
      "exit_codes": [
        0,
        0,
        0,
        0,
        0,
        0,
        0,
        0,
        0,
        0,
        0,
        0,
        0,
        0,
        0,
        0,
        0,
        0,
        0,
        0
      ]
    },
    {
      "command": "dashboard.allocation",
      "mean": 0.01194677819,
      "stddev": 0.001397130636275132,
      "median": 0.011936144840000001,
      "user": 0.0024050399999999998,
      "system": 0.0022768099999999998,
      "min": 0.00983858234,
      "max": 0.015042374340000001,
      "times": [
        0.011969082340000001,
        0.01347349934,
        0.012425332340000001,
        0.01140783234,
        0.01055224934,
        0.00983858234,
        0.010190874340000001,
        0.01176495734,
        0.01117045734,
        0.01069466634,
        0.009853082340000001,
        0.01390349934,
        0.013536498340000001,
        0.015042374340000001,
        0.01301241534,
        0.012119373340000001,
        0.011903207340000001,
        0.01122562434,
        0.012640332340000001,
        0.01221162334
      ],
      "memory_usage_byte": [
        5144576,
        5144576,
        5144576,
        5144576,
        5144576,
        5144576,
        5144576,
        5144576,
        5144576,
        5144576,
        5144576,
        5144576,
        5144576,
        5144576,
        5144576,
        5144576,
        5144576,
        5144576,
        5144576,
        5144576
      ],
      "exit_codes": [
        0,
        0,
        0,
        0,
        0,
        0,
        0,
        0,
        0,
        0,
        0,
        0,
        0,
        0,
        0,
        0,
        0,
        0,
        0,
        0
      ]
    },
    {
      "command": "dashboard.hierarchy",
      "mean": 0.01140793244,
      "stddev": 0.0027168160822458273,
      "median": 0.01075576984,
      "user": 0.0023614399999999994,
      "system": 0.0021985599999999996,
      "min": 0.00984658234,
      "max": 0.02261837334,
      "times": [
        0.01245979134,
        0.01169216634,
        0.010823040340000001,
        0.01079970734,
        0.010695749340000001,
        0.011229040340000001,
        0.01126824934,
        0.010959832340000001,
        0.010375415340000001,
        0.01044133234,
        0.01028491634,
        0.010027874340000001,
        0.01144929134,
        0.01005370734,
        0.01032487434,
        0.02261837334,
        0.01157395734,
        0.00984658234,
        0.010522915340000001,
        0.01071183234
      ],
      "memory_usage_byte": [
        5144576,
        5144576,
        5144576,
        5144576,
        5144576,
        5144576,
        5144576,
        5144576,
        5144576,
        5144576,
        5144576,
        5144576,
        5144576,
        5144576,
        5144576,
        5144576,
        5144576,
        5144576,
        5144576,
        5144576
      ],
      "exit_codes": [
        0,
        0,
        0,
        0,
        0,
        0,
        0,
        0,
        0,
        0,
        0,
        0,
        0,
        0,
        0,
        0,
        0,
        0,
        0,
        0
      ]
    },
    {
      "command": "dashboard.flow",
      "mean": 0.00997090739,
      "stddev": 0.00041809223157846475,
      "median": 0.00993747834,
      "user": 0.00208254,
      "system": 0.0018313099999999998,
      "min": 0.009252499340000001,
      "max": 0.010737707340000001,