{
  "results": [
    {
      "command": "view.transactions",
      "mean": 0.011739252520000002,
      "stddev": 0.001469665997798913,
      "median": 0.01191151522,
      "user": 0.0022306,
      "system": 0.0020910900000000007,
      "min": 0.00946259872,
      "max": 0.01576551572,
      "times": [
        0.01150672372,
        0.012042848719999999,
        0.011856181720000001,
        0.012136514720000002,
        0.012245431720000002,
        0.01207784772,
        0.01242713972,
        0.01196684872,
        0.014623723719999999,
        0.01576551572,
        0.01211697372,
        0.01208263972,
        0.01068330672,
        0.01125922272,
        0.010083014720000002,
        0.01014143172,
        0.01048197372,
        0.00946259872,
        0.01055134772,
        0.01127376472
      ],
      "memory_usage_byte": [
        5144576,
        5144576,
        5144576,
        5144576,
        5144576,
        5144576,
        5144576,
        5144576,
        5144576,
        5144576,
        5144576,
        5144576,
        5144576,
        5144576,
        5144576,
        5144576,
        5144576,
        5144576,
        5144576,
        5144576
      ],
      "exit_codes": [
        0,
        0,
        0,
        0,
        0,
        0,
        0,
        0,
        0,
        0,
        0,
        0,
        0,
        0,
        0,
        0,
        0,
        0,
        0,
        0
      ]
    },
    {
      "command": "report.summary",
      "mean": 0.01689278157,
      "stddev": 0.0005777731648682931,
      "median": 0.01693857722,
      "user": 0.0019538500000000005,
      "system": 0.0017067900000000001,
      "min": 0.01589859772,
      "max": 0.017820431720000002,
      "times": [
        0.01671759772,
        0.01694238972,
        0.01699709772,
        0.01664868172,
        0.01611851472,
        0.01669947372,
        0.01589859772,
        0.01777697372,
        0.01727080672,
        0.01650151472,
        0.01616684872,
        0.01644680672,
        0.01706926472,
        0.01727343172,
        0.01609901472,
        0.01762372372,
        0.01728130672,
        0.017820431720000002,
        0.01756838972,
        0.01693476472
      ],
      "memory_usage_byte": [
        5144576,
        5144576,
        5144576,
        5144576,
        5144576,
        5144576,
        5144576,
        5144576,
        5144576,
        5144576,
        5144576,
        5144576,
        5144576,
        5144576,
        5144576,
        5144576,
        5144576,
        5144576,
        5144576,
        5144576
      ],
      "exit_codes": [
        0,
        0,
        0,
        0,
        0,
        0,
        0,
        0,
        0,
        0,
        0,
        0,
        0,
        0,
        0,
        0,
        0,
        0,
        0,
        0
      ]
    },
    {
      "command": "dashboard.kpis",
      "mean": 0.010535910820000003,
      "stddev": 0.0006593197414511814,
      "median": 0.010411369220000001,
      "user": 0.0022345000000000004,
      "system": 0.0020696900000000003,
      "min": 0.00891213972,
      "max": 0.011675764720000002,
      "times": [
        0.00891213972,
        0.01067505672,
        0.009967848720000002,
        0.011558014719999999,
        0.01035322272,
        0.01131355672,
        0.01146668172,
        0.010310847720000002,
        0.01030493172,
        0.01008259772,
        0.01018872372,
        0.01080368172,
        0.010433139720000002,
        0.010440806720000001,
        0.01120251472,
        0.011675764720000002,
        0.01014376572,
        0.010497848720000001,
        0.01038959872,
        0.00999747372
      ],
      "memory_usage_byte": [
        5144576,
        5144576,
        5144576,
        5144576,
        5144576,
        5144576,
        5144576,
        5144576,
        5144576,
        5144576,
        5144576,
        5144576,
        5144576,
        5144576,
        5144576,
        5144576,
        5144576,
        5144576,
        5144576,
        5144576
      ],
      "exit_codes": [
        0,
        0,
        0,
        0,
        0,
        0,
        0,
        0,
        0,
        0,
        0,
        0,
        0,
        0,
        0,
        0,
        0,
        0,
        0,
        0
      ]
    },
    {
      "command": "dashboard.allocation",
      "mean": 0.010589767019999998,
      "stddev": 0.000902085584206784,
      "median": 0.010464806220000001,
      "user": 0.002225,
      "system": 0.00197314,
      "min": 0.009112306720000001,
      "max": 0.01192884772,
      "times": [
        0.011438598720000002,
        0.01050284772,
        0.01192884772,
        0.01141013972,
        0.011615347720000002,
        0.011886347719999999,
        0.01108530672,
        0.01012622372,
        0.009112306720000001,
        0.01068826572,
        0.009632556720000001,
        0.009803931719999999,
        0.011021556719999999,
        0.010426764720000002,
        0.01037601472,
        0.00984501472,
        0.00945522372,
        0.011787597720000001,
        0.00925784872,
        0.010394598720000002
      ],
      "memory_usage_byte": [
        5144576,
        5144576,
        5144576,
        5144576,
        5144576,
        5144576,
        5144576,
        5144576,
        5144576,
        5144576,
        5144576,
        5144576,
        5144576,
        5144576,
        5144576,
        5144576,
        5144576,
        5144576,
        5144576,
        5144576
      ],
      "exit_codes": [
        0,
        0,
        0,
        0,
        0,
        0,
        0,
        0,
        0,
        0,
        0,
        0,
        0,
        0,
        0,
        0,
        0,
        0,
        0,
        0
      ]
    },
    {
      "command": "dashboard.hierarchy",
      "mean": 0.00935407542,
      "stddev": 0.0005723128172926797,
      "median": 0.00929422372,
      "user": 0.00198825,
      "system": 0.0017382900000000004,
      "min": 0.00826684872,
      "max": 0.010270390720000001,
      "times": [
        0.010196222720000002,
        0.00914618172,
        0.00884368172,
        0.01010838972,
        0.009441806720000001,
        0.00948580672,
        0.008591806720000001,
        0.009130431720000002,
        0.00930593172,
        0.008414640720000002,
        0.00826684872,
        0.00920493172,
        0.009561347720000002,
        0.00992943172,
        0.010061222719999999,
        0.009607389720000001,
        0.010270390720000001,
        0.009114264720000001,
        0.009118264720000002,
        0.009282515719999999
      ],
      "memory_usage_byte": [
        5144576,
        5144576,
        5144576,
        5144576,
        5144576,
        5144576,
        5144576,
        5144576,
        5144576,
        5144576,
        5144576,
        5144576,
        5144576,
        5144576,
        5144576,
        5144576,
        5144576,
        5144576,
        5144576,
        5144576
      ],
      "exit_codes": [
        0,
        0,
        0,
        0,
        0,
        0,
        0,
        0,
        0,
        0,
        0,
        0,
        0,
        0,
        0,
        0,
        0,
        0,
        0,
        0
      ]
    },
    {
      "command": "dashboard.flow",
      "mean": 0.009989902470000001,
      "stddev": 0.0010361408544683527,
      "median": 0.009773244220000001,
      "user": 0.0020075999999999996,
      "system": 0.00177964,
      "min": 0.008505140720000002,
      "max": 0.012264472719999999,