{
  "results": [
    {
      "command": "/usr/bin/env READ_FIXTURE_ITERATIONS=200 /tmp/fin-perf-001-before/target/release/examples/read_fixture accounts /Users/han/Git/fin/target/bench-fixtures/benchmark-runtime-x10 personal",
      "mean": 0.6867923959000001,
      "stddev": 0.007568237375448877,
      "median": 0.6873081875,
      "user": 0.6805136500000001,
      "system": 0.004355999999999999,
      "min": 0.674691209,
      "max": 0.700717,
      "times": [
        0.678047625,
        0.674691209,
        0.6768312080000001,
        0.679400208,
        0.6820814580000001,
        0.687940458,
        0.692920375,
        0.689802875,
        0.6805248340000001,
        0.689906459,
        0.685962917,
        0.6792967080000001,
        0.6826604580000001,
        0.7005089590000001,
        0.700717,
        0.6916970410000001,
        0.688572375,
        0.6914781670000001,
        0.6961316670000001,
        0.6866759170000001
      ],
      "memory_usage_byte": [
        9633792,
        9633792,
        9633792,
        9633792,
        9633792,
        9633792,
        9650176,
        9650176,
        9650176,
        9650176,
        9650176,
        9650176,
        9650176,
        9650176,
        9650176,
        9650176,
        9650176,
        9650176,
        9650176,
        9650176
      ],
      "exit_codes": [
        0,
        0,
        0,
        0,
        0,
        0,
        0,
        0,
        0,
        0,
        0,
        0,
        0,
        0,
        0,
        0,
        0,
        0,
        0,
        0
      ]
    },
    {
      "command": "/usr/bin/env READ_FIXTURE_ITERATIONS=200 /Users/han/Git/fin/target/release/examples/read_fixture accounts /Users/han/Git/fin/target/bench-fixtures/benchmark-runtime-x10 personal",
      "mean": 0.5136820894999999,
      "stddev": 0.009484864461135669,
      "median": 0.5107851245,
      "user": 0.5080164999999999,
      "system": 0.0036559999999999995,
      "min": 0.506714208,
      "max": 0.551467416,
      "times": [
        0.508620917,
        0.51358,
        0.506714208,
        0.516949,
        0.5184015000000001,
        0.5141269580000001,
        0.510169458,
        0.509715333,
        0.50899125,
        0.508039792,
        0.508347917,
        0.5104422080000001,
        0.515551583,
        0.516865541,
        0.5101358340000001,
        0.5121075420000001,
        0.5127685000000001,
        0.509518792,
        0.551467416,
        0.511128041
      ],
      "memory_usage_byte": [
        9764864,
        9764864,
        9764864,
        9764864,
        9764864,
        9764864,
        9764864,
        9764864,
        9764864,
        9764864,
        9764864,
        9764864,
        9764864,
        9764864,
        9764864,
        9764864,
        9764864,
        9764864,
        9764864,
        9764864
      ],
      "exit_codes": [
        0,
        0,
        0,
        0,
        0,
        0,
        0,
        0,
        0,
        0,
        0,
        0,
        0,
        0,
        0,
        0,
        0,
        0,
        0,
        0
      ]
    }
  ]
}
