{
  "results": [
    {
      "command": "/usr/bin/env READ_FIXTURE_ITERATIONS=20 /tmp/fin-perf-003-before/target/release/examples/read_fixture transactions-page /tmp/fin-perf-003-before-runtime-x10 personal 5000",
      "mean": 0.52133402775,
      "stddev": 0.007814237667550373,
      "median": 0.5211412495000001,
      "user": 0.5092457499999999,
      "system": 0.007454166666666667,
      "min": 0.5092697500000001,
      "max": 0.5338867500000001,
      "times": [
        0.5275116670000001,
        0.5180146250000001,
        0.5187654580000001,
        0.5092697500000001,
        0.516874084,
        0.5241511670000001,
        0.532100625,
        0.5260195000000001,
        0.5120270410000001,
        0.5235170410000001,
        0.513870625,
        0.5338867500000001
      ],
      "memory_usage_byte": [
        36667392,
        36667392,
        36667392,
        36667392,
        36667392,
        36749312,
        36749312,
        36749312,
        36749312,
        36749312,
        36749312,
        36749312
      ],
      "exit_codes": [
        0,
        0,
        0,
        0,
        0,
        0,
        0,
        0,
        0,
        0,
        0,
        0
      ]
    },
    {
      "command": "/usr/bin/env READ_FIXTURE_ITERATIONS=20 /Users/han/Git/fin/target/release/examples/read_fixture transactions-page /Users/han/Git/fin/target/bench-fixtures/perf-003-after-runtime-x10 personal 5000",
      "mean": 0.40688632983333334,
      "stddev": 0.005557757186394967,
      "median": 0.40598329200000005,
      "user": 0.39721274999999995,
      "system": 0.0064579166666666665,
      "min": 0.396111333,
      "max": 0.415712208,
      "times": [
        0.407734125,
        0.41136120800000003,
        0.40296000000000004,
        0.40959187500000005,
        0.415324583,
        0.396111333,
        0.404004833,
        0.415712208,
        0.40555354200000004,
        0.406413042,
        0.40523200000000004,
        0.40263720900000005
      ],
      "memory_usage_byte": [
        36749312,
        36749312,
        36749312,
        36749312,
        36749312,
        36749312,
        36749312,
        36749312,
        36749312,
        36749312,
        36749312,
        36749312
      ],
      "exit_codes": [
        0,
        0,
        0,
        0,
        0,
        0,
        0,
        0,
        0,
        0,
        0,
        0
      ]
    }
  ]
}
