{
  "results": [
    {
      "command": "/usr/bin/env READ_FIXTURE_ITERATIONS=10 /tmp/fin-perf-001-before/target/release/examples/read_fixture summary-report /Users/han/Git/fin/target/bench-fixtures/benchmark-runtime-x10",
      "mean": 3.6158133192000004,
      "stddev": 0.030570213411720826,
      "median": 3.609709208,
      "user": 3.5931963333333328,
      "system": 0.013415400000000003,
      "min": 3.550353584,
      "max": 3.669753,
      "times": [
        3.611668333,
        3.609709208,
        3.596782458,
        3.6040301660000003,
        3.614935041,
        3.590481958,
        3.669753,
        3.607889583,
        3.660159709,
        3.6213235,
        3.599262541,
        3.604462666,
        3.656306458,
        3.640081583,
        3.550353584
      ],
      "memory_usage_byte": [
        28213248,
        28262400,
        28262400,
        28262400,
        28262400,
        28262400,
        28262400,
        28262400,
        28262400,
        28262400,
        28262400,
        28262400,
        28262400,
        28262400,
        28262400
      ],
      "exit_codes": [
        0,
        0,
        0,
        0,
        0,
        0,
        0,
        0,
        0,
        0,
        0,
        0,
        0,
        0,
        0
      ]
    },
    {
      "command": "/usr/bin/env READ_FIXTURE_ITERATIONS=10 /Users/han/Git/fin/target/release/examples/read_fixture summary-report /Users/han/Git/fin/target/bench-fixtures/benchmark-runtime-x10",
      "mean": 1.0735410751333334,
      "stddev": 0.009080720771960675,
      "median": 1.074191417,
      "user": 1.0597109333333334,
      "system": 0.009116466666666666,
      "min": 1.056192833,
      "max": 1.0923137920000001,
      "times": [
        1.082040541,
        1.076743292,
        1.078881708,
        1.0685705,
        1.074191417,
        1.0923137920000001,
        1.074553167,
        1.072879792,
        1.077538042,
        1.073758792,
        1.072188959,
        1.063638042,
        1.059331125,
        1.056192833,
        1.080294125
      ],
      "memory_usage_byte": [
        28262400,
        28262400,
        28262400,
        28262400,
        28262400,
        28262400,
        28262400,
        28262400,
        28262400,
        28262400,
        28262400,
        28262400,
        28262400,
        28262400,
        28262400
      ],
      "exit_codes": [
        0,
        0,
        0,
        0,
        0,
        0,
        0,
        0,
        0,
        0,
        0,
        0,
        0,
        0,
        0
      ]
    }
  ]
}
