{
  "results": [
    {
      "command": "/usr/bin/env READ_FIXTURE_ITERATIONS=60 /tmp/fin-perf-001-before/target/release/examples/read_fixture reserves /Users/han/Git/fin/target/bench-fixtures/benchmark-runtime-x10 business",
      "mean": 1.7390617804666666,
      "stddev": 0.011789246934324997,
      "median": 1.740422833,
      "user": 1.7289107333333333,
      "system": 0.007253133333333334,
      "min": 1.718198625,
      "max": 1.7624706250000002,
      "times": [
        1.735128584,
        1.730277666,
        1.734234,
        1.7460243750000002,
        1.7269685,
        1.7498500830000001,
        1.7441152500000001,
        1.725366208,
        1.730442625,
        1.744912125,
        1.740422833,
        1.752223125,
        1.7624706250000002,
        1.745292083,
        1.718198625
      ],
      "memory_usage_byte": [
        21266432,
        21282816,
        21282816,
        21282816,
        21299200,
        21299200,
        21299200,
        21299200,
        21299200,
        21299200,
        21299200,
        21299200,
        21299200,
        21299200,
        21299200
      ],
      "exit_codes": [
        0,
        0,
        0,
        0,
        0,
        0,
        0,
        0,
        0,
        0,
        0,
        0,
        0,
        0,
        0
      ]
    },
    {
      "command": "/usr/bin/env READ_FIXTURE_ITERATIONS=60 /Users/han/Git/fin/target/release/examples/read_fixture reserves /Users/han/Git/fin/target/bench-fixtures/benchmark-runtime-x10 business",
      "mean": 1.7465989500666665,
      "stddev": 0.007833858541356964,
      "median": 1.748557708,
      "user": 1.7363471333333331,
      "system": 0.007483866666666668,
      "min": 1.731722167,
      "max": 1.75819275,
      "times": [
        1.744421,
        1.750950542,
        1.748557708,
        1.7400721670000001,
        1.738531333,
        1.7370370830000001,
        1.7520768750000002,
        1.731722167,
        1.756205959,
        1.7403755,
        1.7449715000000001,
        1.75612775,
        1.750546375,
        1.75819275,
        1.749195542
      ],
      "memory_usage_byte": [
        21299200,
        21299200,
        21299200,
        21299200,
        21299200,
        21299200,
        21299200,
        21299200,
        21299200,
        21299200,
        21299200,
        21299200,
        21299200,
        21299200,
        21299200
      ],
      "exit_codes": [
        0,
        0,
        0,
        0,
        0,
        0,
        0,
        0,
        0,
        0,
        0,
        0,
        0,
        0,
        0
      ]
    }
  ]
}
