{
  "results": [
    {
      "command": "/usr/bin/env READ_FIXTURE_ITERATIONS=20 /tmp/fin-perf-001-before/target/release/examples/read_fixture ledger /Users/han/Git/fin/target/bench-fixtures/benchmark-runtime-x10 5000",
      "mean": 0.6125373416666666,
      "stddev": 0.0068266620846250195,
      "median": 0.6124986250000001,
      "user": 0.605443,
      "system": 0.005367800000000001,
      "min": 0.604675708,
      "max": 0.62802575,
      "times": [
        0.6048105,
        0.608060916,
        0.604675708,
        0.606581084,
        0.62802575,
        0.6074768340000001,
        0.613005875,
        0.616703,
        0.621848042,
        0.613964834,
        0.614277791,
        0.620162416,
        0.6124986250000001,
        0.6072802500000001,
        0.6086885000000001
      ],
      "memory_usage_byte": [
        21856256,
        24510464,
        24510464,
        24510464,
        24510464,
        24510464,
        24510464,
        24510464,
        24510464,
        24510464,
        24510464,
        24510464,
        24510464,
        24510464,
        24510464
      ],
      "exit_codes": [
        0,
        0,
        0,
        0,
        0,
        0,
        0,
        0,
        0,
        0,
        0,
        0,
        0,
        0,
        0
      ]
    },
    {
      "command": "/usr/bin/env READ_FIXTURE_ITERATIONS=20 /Users/han/Git/fin/target/release/examples/read_fixture ledger /Users/han/Git/fin/target/bench-fixtures/benchmark-runtime-x10 5000",
      "mean": 0.2968502694666667,
      "stddev": 0.0028240743408253035,
      "median": 0.296814625,
      "user": 0.29052293333333334,
      "system": 0.004579799999999999,
      "min": 0.292238875,
      "max": 0.30510720900000005,
      "times": [
        0.29512879200000003,
        0.296814625,
        0.297417875,
        0.295231291,
        0.298106959,
        0.297350875,
        0.29674937500000004,
        0.294979875,
        0.298722459,
        0.297141333,
        0.30510720900000005,
        0.294307333,
        0.296064833,
        0.292238875,
        0.297392333
      ],
      "memory_usage_byte": [
        31358976,
        31358976,
        31358976,
        31358976,
        31358976,
        31358976,
        31358976,
        31358976,
        31358976,
        31358976,
        31358976,
        31358976,
        31358976,
        31358976,
        31358976
      ],
      "exit_codes": [
        0,
        0,
        0,
        0,
        0,
        0,
        0,
        0,
        0,
        0,
        0,
        0,
        0,
        0,
        0
      ]
    }
  ]
}
