{
  "results": [
    {
      "command": "/usr/bin/env READ_FIXTURE_ITERATIONS=80 /tmp/fin-perf-001-before/target/release/examples/read_fixture cashflow /Users/han/Git/fin/target/bench-fixtures/benchmark-runtime-x10 business 24",
      "mean": 2.2882653971333338,
      "stddev": 0.020513844832015415,
      "median": 2.287854292,
      "user": 2.275598266666667,
      "system": 0.0086378,
      "min": 2.243582625,
      "max": 2.336006041,
      "times": [
        2.272657625,
        2.293289917,
        2.28092225,
        2.287854292,
        2.307807,
        2.29113675,
        2.28225475,
        2.286738792,
        2.297437208,
        2.2902526659999998,
        2.243582625,
        2.3059235,
        2.336006041,
        2.2685507080000002,
        2.279566833
      ],
      "memory_usage_byte": [
        21250048,
        21250048,
        21250048,
        21250048,
        21250048,
        21250048,
        21250048,
        21250048,
        21250048,
        21266432,
        21266432,
        21266432,
        21266432,
        21266432,
        21266432
      ],
      "exit_codes": [
        0,
        0,
        0,
        0,
        0,
        0,
        0,
        0,
        0,
        0,
        0,
        0,
        0,
        0,
        0
      ]
    },
    {
      "command": "/usr/bin/env READ_FIXTURE_ITERATIONS=80 /Users/han/Git/fin/target/release/examples/read_fixture cashflow /Users/han/Git/fin/target/bench-fixtures/benchmark-runtime-x10 business 24",
      "mean": 2.250452241666667,
      "stddev": 0.03608686699421004,
      "median": 2.234035083,
      "user": 2.2388094666666665,
      "system": 0.0092048,
      "min": 2.190448959,
      "max": 2.300451,
      "times": [
        2.280178666,
        2.289671542,
        2.273372042,
        2.285077667,
        2.300451,
        2.298648875,
        2.269592375,
        2.230993083,
        2.190448959,
        2.227146166,
        2.210752375,
        2.234035083,
        2.215485167,
        2.2201145,
        2.230816125
      ],
      "memory_usage_byte": [
        21266432,
        21266432,
        21266432,
        21266432,
        21266432,
        21266432,
        21266432,
        21266432,
        21266432,
        21266432,
        21266432,
        21266432,
        21266432,
        21266432,
        21266432
      ],
      "exit_codes": [
        0,
        0,
        0,
        0,
        0,
        0,
        0,
        0,
        0,
        0,
        0,
        0,
        0,
        0,
        0
      ]
    }
  ]
}
