{
  "results": [
    {
      "command": "/usr/bin/env READ_FIXTURE_ITERATIONS=40 /Users/han/Git/fin/target/release/examples/read_fixture transactions-page /Users/han/Git/fin/target/bench-fixtures/perf-003-after-runtime-x10 personal 1000",
      "mean": 0.4415260666,
      "stddev": 0.019444118069839176,
      "median": 0.43167133350000003,
      "user": 0.4343174,
      "system": 0.0048314,
      "min": 0.42580541600000005,
      "max": 0.479053667,
      "times": [
        0.45258762500000005,
        0.432163459,
        0.42977458300000004,
        0.42580541600000005,
        0.42774291600000003,
        0.43117920800000004,
        0.4713045,
        0.479053667,
        0.438475875,
        0.427173417
      ],
      "memory_usage_byte": [
        13942784,
        14663680,
        14663680,
        14663680,
        14663680,
        14663680,
        14663680,
        14778368,
        14778368,
        14778368
      ],
      "exit_codes": [
        0,
        0,
        0,
        0,
        0,
        0,
        0,
        0,
        0,
        0
      ]
    }
  ]
}
