{
  "results": [
    {
      "command": "/usr/bin/env READ_FIXTURE_ITERATIONS=60 /tmp/fin-perf-001-before/target/release/examples/read_fixture runway /Users/han/Git/fin/target/bench-fixtures/benchmark-runtime-x10 business",
      "mean": 1.7419535056,
      "stddev": 0.013247745480806978,
      "median": 1.7416268750000001,
      "user": 1.7318920666666664,
      "system": 0.007450533333333333,
      "min": 1.7228630420000002,
      "max": 1.765931459,
      "times": [
        1.7416268750000001,
        1.725654958,
        1.726916625,
        1.765931459,
        1.743998166,
        1.760077584,
        1.7548963340000001,
        1.743484583,
        1.7328708750000001,
        1.739545458,
        1.732072042,
        1.743836291,
        1.759302375,
        1.736225917,
        1.7228630420000002
      ],
      "memory_usage_byte": [
        21299200,
        21299200,
        21299200,
        21299200,
        21299200,
        21299200,
        21299200,
        21299200,
        21299200,
        21299200,
        21299200,
        21299200,
        21299200,
        21299200,
        21299200
      ],
      "exit_codes": [
        0,
        0,
        0,
        0,
        0,
        0,
        0,
        0,
        0,
        0,
        0,
        0,
        0,
        0,
        0
      ]
    },
    {
      "command": "/usr/bin/env READ_FIXTURE_ITERATIONS=60 /Users/han/Git/fin/target/release/examples/read_fixture runway /Users/han/Git/fin/target/bench-fixtures/benchmark-runtime-x10 business",
      "mean": 1.7459336333333337,
      "stddev": 0.00956005677707593,
      "median": 1.744533375,
      "user": 1.7358626666666666,
      "system": 0.007795133333333332,
      "min": 1.7338320839999999,
      "max": 1.762777583,
      "times": [
        1.746191875,
        1.744533375,
        1.762777583,
        1.7563620420000001,
        1.7502811249999999,
        1.7338320839999999,
        1.7360990420000002,
        1.738547958,
        1.762466875,
        1.736179875,
        1.7425110830000001,
        1.743335417,
        1.752818167,
        1.748438833,
        1.734629166
      ],
      "memory_usage_byte": [
        21299200,
        21299200,
        21299200,
        21299200,
        21299200,
        21299200,
        21299200,
        21299200,
        21299200,
        21299200,
        21299200,
        21299200,
        21299200,
        21299200,
        21299200
      ],
      "exit_codes": [
        0,
        0,
        0,
        0,
        0,
        0,
        0,
        0,
        0,
        0,
        0,
        0,
        0,
        0,
        0
      ]
    }
  ]
}
