{
  "results": [
    {
      "command": "/usr/bin/env READ_FIXTURE_ITERATIONS=20 /tmp/fin-perf-003-before/target/release/examples/read_fixture transactions-page /tmp/fin-perf-003-before-runtime-x10 business 1000 studio",
      "mean": 0.6787082463333333,
      "stddev": 0.005392345430610636,
      "median": 0.6804813540000001,
      "user": 0.6676200833333333,
      "system": 0.006376166666666666,
      "min": 0.668230875,
      "max": 0.6857653330000001,
      "times": [
        0.677124041,
        0.674816541,
        0.670689875,
        0.6857653330000001,
        0.6809342500000001,
        0.6807874580000001,
        0.6817188750000001,
        0.68017525,
        0.676688291,
        0.668230875,
        0.682730167,
        0.6848380000000001
      ],
      "memory_usage_byte": [
        19398656,
        19398656,
        19398656,
        19398656,
        19398656,
        19398656,
        19398656,
        19398656,
        19398656,
        19415040,
        19415040,
        19415040
      ],
      "exit_codes": [
        0,
        0,
        0,
        0,
        0,
        0,
        0,
        0,
        0,
        0,
        0,
        0
      ]
    },
    {
      "command": "/usr/bin/env READ_FIXTURE_ITERATIONS=20 /Users/han/Git/fin/target/release/examples/read_fixture transactions-page /Users/han/Git/fin/target/bench-fixtures/perf-003-after-runtime-x10 business 1000 studio",
      "mean": 0.5723498055833334,
      "stddev": 0.008741748632871534,
      "median": 0.571466104,
      "user": 0.5642025,
      "system": 0.00625525,
      "min": 0.55974975,
      "max": 0.585885875,
      "times": [
        0.581551166,
        0.585885875,
        0.582710542,
        0.5782279170000001,
        0.575063375,
        0.5611732500000001,
        0.5658866250000001,
        0.5666690000000001,
        0.576439542,
        0.55974975,
        0.566971792,
        0.567868833
      ],
      "memory_usage_byte": [
        19578880,
        19578880,
        19578880,
        19578880,
        19578880,
        19578880,
        19578880,
        19578880,
        19578880,
        19578880,
        19578880,
        19578880
      ],
      "exit_codes": [
        0,
        0,
        0,
        0,
        0,
        0,
        0,
        0,
        0,
        0,
        0,
        0
      ]
    }
  ]
}
