{
  "results": [
    {
      "command": "transactions-personal",
      "mean": 0.021851438480000002,
      "stddev": 0.0007611076396131929,
      "median": 0.021758363680000004,
      "user": 0.018074459999999997,
      "system": 0.0020218999999999997,
      "min": 0.02085130018,
      "max": 0.02303821718,
      "times": [
        0.022410926180000002,
        0.022564967180000003,
        0.021879926180000002,
        0.02303821718,
        0.02147846818,
        0.02163680118,
        0.02085130018,
        0.021154468180000004,
        0.020946468180000004,
        0.02255284218
      ],
      "memory_usage_byte": [
        13008896,
        13008896,
        13074432,
        13074432,
        13090816,
        13090816,
        13090816,
        13090816,
        13090816,
        13090816
      ],
      "exit_codes": [
        0,
        0,
        0,
        0,
        0,
        0,
        0,
        0,
        0,
        0
      ]
    },
    {
      "command": "cashflow-business",
      "mean": 0.01261758828,
      "stddev": 0.0006133945048905134,
      "median": 0.01249017568,
      "user": 0.00925926,
      "system": 0.001883,
      "min": 0.01147442618,
      "max": 0.01343438418,
      "times": [
        0.01239088418,
        0.01229817518,
        0.01343438418,
        0.013430551180000002,
        0.012249509180000001,
        0.01147442618,
        0.013271842180000002,
        0.012645759179999999,
        0.01251446718,
        0.01246588418
      ],
      "memory_usage_byte": [
        13090816,
        13090816,
        13090816,
        13090816,
        13090816,
        13090816,
        13090816,
        13090816,
        13090816,
        13090816
      ],
      "exit_codes": [
        0,
        0,
        0,
        0,
        0,
        0,
        0,
        0,
        0,
        0
      ]
    },
    {
      "command": "summary-report",
      "mean": 0.034708225780000004,
      "stddev": 0.0006340793749199968,
      "median": 0.03460130068,
      "user": 0.031031960000000004,
      "system": 0.0020708,
      "min": 0.03366796718,
      "max": 0.03548513418,
      "times": [
        0.03473950918,
        0.03446309218,
        0.03425430118,
        0.03546267518,
        0.035382300180000006,
        0.03429992618,
        0.03366796718,
        0.034178176180000006,
        0.03548513418,
        0.035149176180000005
      ],
      "memory_usage_byte": [
        13090816,
        13090816,
        13090816,
        13090816,
        13090816,
        13090816,
        13090816,
        13090816,
        13090816,
        13090816
      ],
      "exit_codes": [
        0,
        0,
        0,
        0,
        0,
        0,
        0,
        0,
        0,
        0
      ]
    },
    {
      "command": "summary-dashboard",
      "mean": 0.07282826328,
      "stddev": 0.0014061935583400298,
      "median": 0.07314005018,
      "user": 0.06910775999999999,
      "system": 0.0019535999999999998,
      "min": 0.07053850918,
      "max": 0.07508380118,
      "times": [
        0.07508380118,
        0.07431384218,
        0.07136921818,
        0.07168450918000001,
        0.07053850918,
        0.07341780018,
        0.07351888418000001,
        0.07204575918,
        0.07286230018,
        0.07344800918000001
      ],
      "memory_usage_byte": [
        13090816,
        13090816,
        13090816,
        13090816,
        13090816,
        13090816,
        13090816,
        13090816,
        13090816,
        13090816
      ],
      "exit_codes": [
        0,
        0,
        0,
        0,
        0,
        0,
        0,
        0,
        0,
        0
      ]
    }
  ]
}
