{
  "results": [
    {
      "command": "transactions-personal",
      "mean": 0.02091650426,
      "stddev": 0.0019378015821542498,
      "median": 0.02120410846,
      "user": 0.014104979999999998,
      "system": 0.0020732999999999993,
      "min": 0.01772342146,
      "max": 0.02383829546,
      "times": [
        0.02383829546,
        0.01839346246,
        0.01986267046,
        0.02179346246,
        0.022633254460000002,
        0.01772342146,
        0.02183933746,
        0.02240092146,
        0.02006546246,
        0.02061475446
      ],
      "memory_usage_byte": [
        12091392,
        12091392,
        12091392,
        12140544,
        12140544,
        12140544,
        12140544,
        12140544,
        12140544,
        12140544
      ],
      "exit_codes": [
        0,
        0,
        0,
        0,
        0,
        0,
        0,
        0,
        0,
        0
      ]
    },
    {
      "command": "cashflow-business",
      "mean": 0.013212579059999998,
      "stddev": 0.002439646714822465,
      "median": 0.01249321196,
      "user": 0.008495180000000001,
      "system": 0.0020108999999999995,
      "min": 0.01105650446,
      "max": 0.01844021246,
      "times": [
        0.01106462846,
        0.011206504459999999,
        0.01578175446,
        0.01305454546,
        0.01457537946,
        0.01193187846,
        0.01844021246,
        0.01154962946,
        0.01346475346,
        0.01105650446
      ],
      "memory_usage_byte": [
        12140544,
        12140544,
        12140544,
        12140544,
        12140544,
        12140544,
        12140544,
        12140544,
        12140544,
        12140544
      ],
      "exit_codes": [
        0,
        0,
        0,
        0,
        0,
        0,
        0,
        0,
        0,
        0
      ]
    },
    {
      "command": "summary-report",
      "mean": 0.07298894986,
      "stddev": 0.003436670673374554,
      "median": 0.07272614996,
      "user": 0.06604328000000001,
      "system": 0.0026899999999999992,
      "min": 0.06711575446000001,
      "max": 0.07919437846,
      "times": [
        0.07198167046000001,
        0.07264562946,
        0.06940317046,
        0.07919437846,
        0.07280667046,
        0.07574462946,
        0.07553142046,
        0.07432717046000001,
        0.07113900446,
        0.06711575446000001
      ],
      "memory_usage_byte": [
        12140544,
        12140544,
        12140544,
        12140544,
        12140544,
        12140544,
        12140544,
        12140544,
        12140544,
        12140544
      ],
      "exit_codes": [
        0,
        0,
        0,
        0,
        0,
        0,
        0,
        0,
        0,
        0
      ]
    },
    {
      "command": "summary-dashboard",
      "mean": 0.10616749996000001,
      "stddev": 0.0025654093524882693,
      "median": 0.10522842096000001,
      "user": 0.10015618,
      "system": 0.0024890999999999993,
      "min": 0.10329308746,
      "max": 0.11124800446000001,
      "times": [
        0.10560687946000001,
        0.10381258746000001,
        0.11124800446000001,
        0.10647875346,
        0.10476817146,
        0.10746033746,
        0.10954596246000001,
        0.10484996246,
        0.10329308746,
        0.10461125346000001
      ],
      "memory_usage_byte": [
        12140544,
        12140544,
        12140544,
        12140544,
        12140544,
        12140544,
        12140544,
        12140544,
        12140544,
        12140544
      ],
      "exit_codes": [
        0,
        0,
        0,
        0,
        0,
        0,
        0,
        0,
        0,
        0
      ]
    }
  ]
}
